,Mean Acc,SD Acc,Mean Bal Acc,SD Bal Acc,Mean F1,SD F1
Citrus,0.9985605029489921,0.0022110395172715855,0.9992,0.0012292725943057194,0.9991979931738968,0.0012339923753338007
Heart Disease,0.8589393939393939,0.07287050489980776,0.6689338235294118,0.15242568531873682,0.9188924147747677,0.04060657624227384
Breast Cancer,0.8980165932071558,0.038821566968075455,0.8744877344877345,0.04883645282262896,0.9229037183920253,0.027949062122023804
