,Mean Acc,SD Acc,Mean Bal Acc,SD Bal Acc,Mean F1,SD F1
Citrus,0.9985605029489921,0.0014198207651621507,0.9991997928779078,0.0007970272819302365,0.9991985787623803,0.0007985404439025479
Heart Disease,0.8638095238095238,0.09107155825283846,0.6972222222222222,0.14898490546902116,0.9192208509120274,0.057672909429004195
Breast Cancer,0.8943922305764411,0.054231375426281016,0.8756834044701691,0.05898318280265796,0.9178613218607664,0.04500746008641425
