,Mean Acc,SD Acc,Mean Bal Acc,SD Bal Acc,Mean F1,SD F1
Citrus,0.9985605029489921,0.0022110395172715855,0.9992,0.0012292725943057194,0.9991979931738968,0.0012339923753338007
Heart Disease,0.8589393939393939,0.06479968652116919,0.6689338235294118,0.13745294382845646,0.9187243475478769,0.036341790529714715
Breast Cancer,0.8873660444213983,0.03561239430639312,0.8620779220779221,0.043999500266919074,0.914906659327712,0.025740717709916035
